Proj,SubjID,Vent_UML,shape_TLC,Emph_Total,Emph_LUL,Emph_LLL,Emph_RUL,Emph_RML,Emph_RLL,fSAD_Total,fSAD_LUL,fSAD_LLL,fSAD_RUL,fSAD_RML,fSAD_RLL,Vent_LUL,Vent_LLL,Vent_RUL,Vent_RML,Vent_RLL,J_LUL,J_LLL,J_RUL,J_RML,J_RLL,J_Total,ADI_LUL,ADI_LLL,ADI_RUL,ADI_RML,ADI_RLL,ADI_Total,TLC_tissue_Total,TLC_tissue_LUL,TLC_tissue_LLL,TLC_tissue_RUL,TLC_tissue_RML,TLC_tissue_RLL,Dtr_pred,WT_pred,Din_Trachea,Angle_Trachea,Angle_RMB,Cr_Trachea,Cr_RMB,Cr_Bronint,Cr_LMB,Cr_TriLLB,Cr_sRUL,Cr_sRML,Cr_sRLL,Cr_sLUL,Cr_sLLL,WT_Trachea,WT_RMB,WT_Bronint,WT_LMB,WT_TriLLB,WT_sRUL,WT_sRML,WT_sRLL,WT_sLUL,WT_sLLL,Dh_Trachea,Dh_RMB,Dh_Bronint,Dh_LMB,Dh_TriLLB,Dh_sRUL,Dh_sRML,Dh_sRLL,Dh_sLUL,Dh_sLLL,Dhn_Trachea,Dhn_RMB,Dhn_LMB,Dhn_TriLLB,Dhn_Bronint,Dhn_sLUL,Dhn_sLLL,Dhn_sRUL,Dhn_sRML,Dhn_sRLL,WTn_Trachea,WTn_RMB,WTn_LMB,WTn_TriLLB,WTn_Bronint,WTn_sLUL,WTn_sLLL,WTn_sRUL,WTn_sRML,WTn_sRLL
CBNCT,10027,0.723005222,1.416556106,0.0104299,0.0127273,0.00623196,0.0173767,0.0153252,0.00528589,0.00102355,0.00081034,0.000598254,0.00208345,0.00243213,0.000306639,0.238497,0.212211,0.181122,0.0858407,0.28233,2.404708,2.182808,2.082672,1.968206,2.382285,2.232073,0.6188487,0.4206568,0.4367828,0.5453432,0.4679266,0.4903947,0.1507109,0.1744076,0.1393365,0.1270142,0.157346,0.1535545,14.95306388,4.768416749,16.217,100.91,76.508,0.98601,0.98303,0.96337,0.96095,0.97681,0.943266667,0.977095,0.93246,0.924714,0.9635625,4.856519421,4.957748552,3.311736544,3.310954779,3.558318115,2.949382315,2.91051707,2.829423354,2.733081636,2.98724172,15.99040081,14.55329402,10.62823471,10.31083238,8.376359681,6.127596284,5.062953478,5.520826887,4.525315596,5.96636948,1.069372868,0.97326502,0.689546468,0.560176814,0.710773042,0.302634673,0.399006486,0.409788678,0.338589704,0.369210413,1.018476294,1.039705381,0.694350967,0.746226327,0.694514913,0.573163333,0.626464061,0.618524443,0.610373888,0.593367464
